FRAME,JOINT_NUM,X,Y,Z
0,joint40,0.004149679560214281,-0.009988921694457531,0.0018755161436274648
0,joint44,-0.004149680491536856,-0.0022881408222019672,0.002530956408008933
0,joint57,-0.004285939037799835,0.008730570785701275,0.004450114443898201
0,joint39,0.0042859409004449844,0.010816018097102642,0.002205456839874387
1,joint40,0.004149679560214281,-0.009988921694457531,0.0018755161436274648
1,joint44,-0.004149680491536856,-0.0022881408222019672,0.002530956408008933
1,joint57,-0.004285939037799835,0.008730570785701275,0.004450114443898201
1,joint39,0.0042859409004449844,0.010816018097102642,0.002205456839874387
2,joint40,0.004149679560214281,-0.009988921694457531,0.0018755161436274648
2,joint44,-0.004149680491536856,-0.0022881408222019672,0.002530956408008933
2,joint57,-0.004285939037799835,0.008730570785701275,0.004450114443898201
2,joint39,0.0042859409004449844,0.010816018097102642,0.002205456839874387
3,joint40,0.004149679560214281,-0.009988921694457531,0.0018755161436274648
3,joint44,-0.004149680491536856,-0.0022881408222019672,0.002530956408008933
3,joint57,-0.004285939037799835,0.008730570785701275,0.004450114443898201
3,joint39,0.0042859409004449844,0.010816018097102642,0.002205456839874387
4,joint40,0.004149679560214281,-0.009988921694457531,0.0018755161436274648
4,joint44,-0.004149680491536856,-0.0022881408222019672,0.002530956408008933
4,joint57,-0.004285939037799835,0.008730570785701275,0.004450114443898201
4,joint39,0.0042859409004449844,0.010816018097102642,0.002205456839874387
5,joint40,0.004149679560214281,-0.009988921694457531,0.0018755161436274648
5,joint44,-0.004149680491536856,-0.0022881408222019672,0.002530956408008933
5,joint57,-0.004285939037799835,0.008730570785701275,0.004450114443898201
5,joint39,0.0042859409004449844,0.010816018097102642,0.002205456839874387
6,joint40,0.004149679560214281,-0.009988921694457531,0.0018755161436274648
6,joint44,-0.004149680491536856,-0.0022881408222019672,0.002530956408008933
6,joint57,-0.004285939037799835,0.008730570785701275,0.004450114443898201
6,joint39,0.0042859409004449844,0.010816018097102642,0.002205456839874387
7,joint40,0.004149679560214281,-0.009988921694457531,0.0018755161436274648
7,joint44,-0.004149680491536856,-0.0022881408222019672,0.002530956408008933
7,joint57,-0.004285939037799835,0.008730570785701275,0.004450114443898201
7,joint39,0.0042859409004449844,0.010816018097102642,0.002205456839874387
8,joint40,0.004149679560214281,-0.009988921694457531,0.0018755161436274648
8,joint44,-0.004149680491536856,-0.0022881408222019672,0.002530956408008933
8,joint57,-0.004285939037799835,0.008730570785701275,0.004450114443898201
8,joint39,0.0042859409004449844,0.010816018097102642,0.002205456839874387
9,joint40,0.004149679560214281,-0.009988921694457531,0.0018755161436274648
9,joint44,-0.004149680491536856,-0.0022881408222019672,0.002530956408008933
9,joint57,-0.004285939037799835,0.008730570785701275,0.004450114443898201
9,joint39,0.0042859409004449844,0.010816018097102642,0.002205456839874387
10,joint40,0.004149679560214281,-0.009988921694457531,0.0018755161436274648
10,joint44,-0.004149680491536856,-0.0022881408222019672,0.002530956408008933
10,joint57,-0.004285939037799835,0.008730570785701275,0.004450114443898201
10,joint39,0.0042859409004449844,0.010816018097102642,0.002205456839874387
11,joint40,0.004149679560214281,-0.009988921694457531,0.0018755161436274648
11,joint44,-0.004149680491536856,-0.0022881408222019672,0.002530956408008933
11,joint57,-0.004285939037799835,0.008730570785701275,0.004450114443898201
11,joint39,0.0042859409004449844,0.010816018097102642,0.002205456839874387
12,joint40,0.004149679560214281,-0.00993355829268694,0.0018756103236228228
12,joint44,-0.004149679560214281,-0.002423037774860859,0.002732234075665474
12,joint57,-0.004285939037799835,0.008513370528817177,0.00436105253174901
12,joint39,0.004285941831767559,0.011030388996005058,0.002195686800405383
13,joint40,0.004149680491536856,-0.009775103069841862,0.0018762453692033887
13,joint44,-0.004149680957198143,-0.0027798584196716547,0.0031202014070004225
13,joint57,-0.00428593996912241,0.007953229360282421,0.004124789498746395
13,joint39,0.0042859409004449844,0.011237029917538166,0.00216857111081481
14,joint40,0.004149680491536856,-0.009525011293590069,0.0018779755337163806
14,joint44,-0.004149679560214281,-0.0032868897542357445,0.0035953139886260033
14,joint57,-0.00428593996912241,0.007187318056821823,0.003787633730098605
14,joint39,0.0042859409004449844,0.011433850042521954,0.0021276315674185753
15,joint40,0.004149680957198143,-0.009194744750857353,0.0018813355127349496
15,joint44,-0.004149680491536856,-0.003872375236824155,0.004057972691953182
15,joint57,-0.004285940434783697,0.006352819036692381,0.003395946230739355
15,joint39,0.0042859409004449844,0.011618773452937603,0.0020763184875249863
16,joint40,0.004149682354182005,-0.008795753121376038,0.0018868716433644295
16,joint44,-0.004149680025875568,-0.004464567173272371,0.004408600274473429
16,joint57,-0.00428593996912241,0.005586906801909208,0.0029960996471345425
16,joint39,0.0042859409004449844,0.011789722368121147,0.002018085913732648
17,joint40,0.004149682354182005,-0.008339486084878445,0.0018951266538351774
17,joint44,-0.004149679560214281,-0.004991721827536821,0.004547605756670237
17,joint57,-0.004285940434783697,0.005026761908084154,0.0026344479992985725
17,joint39,0.0042859409004449844,0.011944618076086044,0.0019564004614949226
18,joint40,0.004149682819843292,-0.007837402634322643,0.0019066440872848034
18,joint44,-0.004149680491536856,-0.005476299207657576,0.004504363518208265
18,joint57,-0.004285941366106272,0.004809568636119366,0.0023573546204715967
18,joint39,0.004285941366106272,0.012081386521458626,0.0018947108183056116
19,joint40,0.0041496846824884415,-0.007300956640392542,0.0019219807581976056
19,joint44,-0.004149679560214281,-0.005982406437397003,0.004385117907077074
19,joint57,-0.00428593996912241,0.004816411063075066,0.00216082064434886
19,joint39,0.0042859409004449844,0.0121979471296072,0.001836489187553525
20,joint40,0.0041496832855045795,-0.006741599179804325,0.001941664726473391
20,joint44,-0.004149680491536856,-0.006500764284282923,0.004205572418868542
20,joint57,-0.0042859409004449844,0.004857273772358894,0.0020094243809580803
20,joint39,0.004285941831767559,0.012292218394577503,0.001785179367288947
21,joint40,0.004149683751165867,-0.006170789245516062,0.001966249430552125
21,joint44,-0.004149679560214281,-0.007022105623036623,0.003981447778642178
21,joint57,-0.0042859409004449844,0.004962656646966934,0.0019023315981030464
21,joint39,0.004285941831767559,0.01236212719231844,0.0017442600801587105
22,joint40,0.004149682819843292,-0.005599982105195522,0.001996284816414118
22,joint44,-0.004149680491536856,-0.007537157274782658,0.003728461218997836
22,joint57,-0.004285940434783697,0.005163060035556555,0.0018386929295957088
22,joint39,0.004285942297428846,0.01240559108555317,0.0017171852523460984
23,joint40,0.004149682819843292,-0.005040627904236317,0.002032303484156728
23,joint44,-0.004149686079472303,-0.008036648854613304,0.003462284803390503
23,joint57,-0.0042859409004449844,0.0054889824241399765,0.0018176623852923512
23,joint39,0.004285941366106272,0.01242055743932724,0.0017073382623493671
24,joint40,0.0041496832855045795,-0.00450418284162879,0.0020748553797602654
24,joint44,-0.00414968142285943,-0.008511281572282314,0.0031987368129193783
24,joint57,-0.0042859409004449844,0.005945289507508278,0.0018220588099211454
24,joint39,0.004285941831767559,0.01233713235706091,0.0018179998733103275
25,joint40,0.004149681888520718,-0.004002098925411701,0.0021244832314550877
25,joint44,-0.004149679560214281,-0.008951806463301182,0.0029534304048866034
25,joint57,-0.00428593996912241,0.0064953966066241264,0.001833538175560534
25,joint39,0.004285940434783697,0.012105095200240612,0.0021096114069223404
26,joint40,0.004149682819843292,-0.0035458351485431194,0.0021817320957779884
26,joint44,-0.004149680491536856,-0.009348945692181587,0.002742115641012788
26,joint57,-0.0042859409004449844,0.007107687182724476,0.0018498009303584695
26,joint39,0.0042859409004449844,0.011751694604754448,0.0025219402741640806
27,joint40,0.004149681888520718,-0.0031468409579247236,0.0022471498232334852
27,joint44,-0.004149680957198143,-0.009676240384578705,0.0025335715617984533
27,joint57,-0.004285940434783697,0.007750524673610926,0.0018684562528505921
27,joint39,0.004285941366106272,0.011304222047328949,0.0029946088325232267
28,joint40,0.004149680491536856,-0.002816569060087204,0.0023212688975036144
28,joint44,-0.004149680491536856,-0.009918236173689365,0.0023097076918929815
28,joint57,-0.0042859409004449844,0.008392268791794777,0.0018871453357860446
28,joint39,0.0042859409004449844,0.010789964348077774,0.003467278089374304
29,joint40,0.004149680957198143,-0.0025664805434644222,0.0024046471808105707
29,joint44,-0.004149680957198143,-0.010082156397402287,0.0021059622522443533
29,joint57,-0.004285940434783697,0.009001282043755054,0.0019033555872738361
29,joint39,0.004285940434783697,0.010236206464469433,0.003879603696987033
30,joint40,0.004149680491536856,-0.002408029744401574,0.002497818786650896
30,joint44,-0.00414968142285943,-0.01017521321773529,0.0019577310886234045
30,joint57,-0.004285940434783697,0.00954593438655138,0.0019148574210703373
30,joint39,0.004285940434783697,0.009670224040746689,0.004171240609139204
31,joint40,0.004149679560214281,-0.002352664479985833,0.0026013320311903954
31,joint44,-0.00414968142285943,-0.010204634629189968,0.0019004405476152897
31,joint57,-0.00428593996912241,0.00999459158629179,0.0019192233448848128
31,joint39,0.004285940434783697,0.009119308553636074,0.004281854722648859
32,joint40,0.004149680491536856,-0.002477245172485709,0.0028839416336268187
32,joint44,-0.004149681888520718,-0.010147236287593842,0.0019050119444727898
32,joint57,-0.00428593996912241,0.010384691879153252,0.00191555789206177
32,joint39,0.004285940434783697,0.008438730612397194,0.0041641308926045895
33,joint40,0.004149680957198143,-0.0028092931024730206,0.0034226186107844114
33,joint44,-0.00414968142285943,-0.009982970543205738,0.0019180987728759646
33,joint57,-0.004285940434783697,0.010770197957754135,0.0019055100856348872
33,joint39,0.0042859409004449844,0.007560985162854195,0.003860787022858858
34,joint40,0.004149679094552994,-0.003286262508481741,0.00408026110380888
34,joint44,-0.004149681888520718,-0.009723704308271408,0.0019387538777664304
34,joint57,-0.00428593996912241,0.011144251562654972,0.0018904960015788674
34,joint39,0.004285940434783697,0.00662918109446764,0.0034466057550162077
35,joint40,0.004149688873440027,-0.0038455703761428595,0.004719716031104326
35,joint44,-0.004149682354182005,-0.009381314739584923,0.00196602800861001
35,joint57,-0.004285940434783697,0.011499989777803421,0.0018719357904046774
35,joint39,0.0042859409004449844,0.00578642450273037,0.0029963734559714794
36,joint40,0.0041496786288917065,-0.004424732644110918,0.005203994456678629
36,joint44,-0.004149682819843292,-0.008967679925262928,0.001998968655243516
36,joint57,-0.00428593996912241,0.011830552481114864,0.0018512479728087783
36,joint39,0.004285940434783697,0.005175822414457798,0.002584878820925951
37,joint40,0.004149678163230419,-0.004961130674928427,0.005395882297307253
37,joint44,-0.004149682819843292,-0.008494668640196323,0.002036645542830229
37,joint57,-0.00428593996912241,0.012129083275794983,0.0018298502545803785
37,joint39,0.0042859409004449844,0.004940487910062075,0.0022869056556373835
38,joint40,0.004149678163230419,-0.005503096617758274,0.005327992141246796
38,joint44,-0.004149681888520718,-0.007974164560437202,0.0020780954509973526
38,joint57,-0.004285940434783697,0.012388715520501137,0.0018091617384925485
38,joint39,0.0042859409004449844,0.004942142870277166,0.0021085350308567286
39,joint40,0.004149678163230419,-0.006118937861174345,0.005141586996614933
39,joint44,-0.004149682819843292,-0.007418028544634581,0.0021223861258476973
39,joint57,-0.00428593996912241,0.01260259747505188,0.001790604554116726
39,joint39,0.004285940434783697,0.004953725729137659,0.0019959681667387486
40,joint40,0.0041496786288917065,-0.006776127964258194,0.004862549249082804
40,joint44,-0.00414968142285943,-0.00683814799413085,0.0021685760002583265
40,joint57,-0.00428593996912241,0.012763861566781998,0.0017755904700607061
40,joint39,0.004285940434783697,0.004985163453966379,0.001934169209562242
41,joint40,0.0041496772319078445,-0.007442117668688297,0.004516745451837778
41,joint44,-0.00414968142285943,-0.006246388889849186,0.002215700689703226
41,joint57,-0.0042859395034611225,0.012865650467574596,0.0017655405681580305
41,joint39,0.00428593996912241,0.005046388134360313,0.001908112782984972
42,joint40,0.004149681888520718,-0.008084380067884922,0.004130047746002674
42,joint44,-0.004149681888520718,-0.005654631648212671,0.0022628293372690678
42,joint57,-0.00428593996912241,0.012901106849312782,0.001761874882504344
42,joint39,0.00428593996912241,0.005147325340658426,0.0019027680391445756
43,joint40,0.004149678163230419,-0.008670363575220108,0.0037283834535628557
43,joint44,-0.00414968142285943,-0.005074746906757355,0.002309017349034548
43,joint57,-0.004285939037799835,0.012758084572851658,0.001854066620580852
43,joint39,0.00428593996912241,0.0054397801868617535,0.001913149026222527
44,joint40,0.0041496772319078445,-0.00916754174977541,0.0033375821076333523
44,joint44,-0.004149686079472303,-0.004518624860793352,0.0023533485364168882
44,joint57,-0.00428593996912241,0.012374776415526867,0.002101162914186716
44,joint39,0.00428593996912241,0.00601286580786109,0.0019409677479416132
45,joint40,0.0041496786288917065,-0.009543375112116337,0.002983537968248129
45,joint44,-0.004149682354182005,-0.003998104017227888,0.00239477283321321
45,joint57,-0.0042859395034611225,0.011819856241345406,0.002458838513121009
45,joint39,0.004285940434783697,0.006782455835491419,0.001981244655326009
46,joint40,0.0041496786288917065,-0.0097653204575181,0.0026921394746750593
46,joint44,-0.004149684216827154,-0.003525103209540248,0.002432463690638542
46,joint57,-0.0042859395034611225,0.011161953210830688,0.002882916945964098
46,joint39,0.0042859409004449844,0.0076644448563456535,0.00202905829064548
47,joint40,0.004149678163230419,-0.009874437004327774,0.002446284517645836
47,joint44,-0.00414968142285943,-0.0031114607118070126,0.002465389668941498
47,joint57,-0.0042859395034611225,0.01046972256153822,0.0033291210420429707
47,joint39,0.0042859409004449844,0.008574687875807285,0.002079232595860958
48,joint40,0.004149678163230419,-0.00994061678647995,0.0022236560471355915
48,joint44,-0.00414968142285943,-0.0027690751012414694,0.00249267416074872
48,joint57,-0.0042859395034611225,0.009811821393668652,0.003753201337531209
48,joint39,0.004285941366106272,0.009429090656340122,0.0021270383149385452
49,joint40,0.004149679094552994,-0.009974606335163116,0.002042277017608285
49,joint44,-0.004149680491536856,-0.002509802347049117,0.0025133059825748205
49,joint57,-0.00428593996912241,0.009256894700229168,0.004110888112336397
49,joint39,0.004285940434783697,0.010143527761101723,0.0021672577131539583
50,joint40,0.004149680025875568,-0.00998713169246912,0.0019202184630557895
50,joint44,-0.004149680491536856,-0.0023455366026610136,0.00252639246173203
50,joint57,-0.004285939037799835,0.0088735930621624,0.0043579391203820705
50,joint39,0.004285941366106272,0.010633870027959347,0.002195108914747834
51,joint40,0.004149679560214281,-0.009988921694457531,0.0018755161436274648
51,joint44,-0.004149680491536856,-0.0022881408222019672,0.002530956408008933
51,joint57,-0.004285939037799835,0.008730570785701275,0.004450114443898201
51,joint39,0.0042859409004449844,0.010816018097102642,0.002205456839874387
52,joint40,0.004149679560214281,-0.009944569319486618,0.0018784659914672375
52,joint44,-0.004154232796281576,-0.0023194176610559225,0.00252915290184319
52,joint57,-0.004285939037799835,0.008729761466383934,0.0044320025481283665
52,joint39,0.0042859409004449844,0.010792951099574566,0.0022036151494830847
53,joint40,0.004149679560214281,-0.009817630983889103,0.001886898884549737
53,joint44,-0.0041672647930681705,-0.0024089349899441004,0.0025239847600460052
53,joint57,-0.0042859395034611225,0.008727447129786015,0.004380159545689821
53,joint39,0.004285942297428846,0.010726922191679478,0.0021984053310006857
54,joint40,0.004149679560214281,-0.009617283008992672,0.001900206319987774
54,joint44,-0.004187830723822117,-0.0025502219796180725,0.0025158284697681665
54,joint57,-0.00428593996912241,0.008723795413970947,0.004298334941267967
54,joint39,0.004285941831767559,0.010622723028063774,0.0021900704596191645
55,joint40,0.004149679560214281,-0.009352700784802437,0.0019177860813215375
55,joint44,-0.004214991349726915,-0.0027368084993213415,0.002505058189854026
55,joint57,-0.00428593996912241,0.008718971163034439,0.004190267063677311
55,joint39,0.004285941366106272,0.010485119186341763,0.0021790675818920135
56,joint40,0.004149679560214281,-0.009033060632646084,0.0019390255911275744
56,joint44,-0.004247803706675768,-0.002962217666208744,0.002492045285180211
56,joint57,-0.00428593996912241,0.00871314387768507,0.004059707745909691
56,joint39,0.004285941366106272,0.010318877175450325,0.002165779937058687
57,joint40,0.004149679560214281,-0.008667539805173874,0.001963310409337282
57,joint44,-0.004285326227545738,-0.003219985170289874,0.002477165311574936
57,joint57,-0.00428593996912241,0.008706479333341122,0.003910402301698923
57,joint39,0.004285941831767559,0.010128774680197239,0.0021505896002054214
58,joint40,0.004149679560214281,-0.008265315555036068,0.001990032382309437
58,joint44,-0.004326615948230028,-0.0035036373883485794,0.002460791729390621
58,joint57,-0.00428593996912241,0.008699145168066025,0.00374610279686749
58,joint39,0.004285941366106272,0.00991958100348711,0.00213387468829751
59,joint40,0.004149680025875568,-0.007835562340915203,0.002018579049035907
59,joint44,-0.004370728507637978,-0.0038067176938056946,0.0024433392100036144
59,joint57,-0.00428593996912241,0.008691309951245785,0.003570555942133069
59,joint39,0.004285941831767559,0.009696068242192268,0.0021160217002034187
60,joint40,0.004149680025875568,-0.00738745741546154,0.0020483473781496286
60,joint44,-0.004416727460920811,-0.004122724756598473,0.002425098093226552
60,joint57,-0.00428593996912241,0.008683141320943832,0.0033875228837132454
60,joint39,0.004285941831767559,0.009463010355830193,0.002097410848364234
61,joint40,0.004149680491536856,-0.006930177565664053,0.002078721998259425
61,joint44,-0.00446367496624589,-0.004445190541446209,0.0024064378812909126
61,joint57,-0.004285940434783697,0.00867480132728815,0.003200721461325884
61,joint39,0.004285941831767559,0.009225181303918362,0.0020784265361726284
62,joint40,0.004149680025875568,-0.0064728944562375546,0.002109100576490164
62,joint44,-0.004510616883635521,-0.00476766936480999,0.002387824235484004
62,joint57,-0.004285940434783697,0.008666463196277618,0.0030139293521642685
62,joint39,0.0042859409004449844,0.00898735225200653,0.0020593684166669846
63,joint40,0.004149679560214281,-0.006024789530783892,0.0021388696040958166
63,joint44,-0.004556617699563503,-0.0050836773589253426,0.0023695810232311487
63,joint57,-0.004285940434783697,0.00865829549729824,0.002830886747688055
63,joint39,0.0042859409004449844,0.00875429529696703,0.002040750812739134
64,joint40,0.004149680491536856,-0.005595035385340452,0.0021674204617738724
64,joint44,-0.004600733518600464,-0.005386743228882551,0.002352086128666997
64,joint57,-0.004285940434783697,0.008650457486510277,0.0026553398929536343
64,joint39,0.0042859409004449844,0.008530782535672188,0.002022894797846675
65,joint40,0.004149680025875568,-0.0051928129978477955,0.0021941422019153833
65,joint44,-0.004642023704946041,-0.005670393351465464,0.0023357109166681767
65,joint57,-0.004285940434783697,0.008643124252557755,0.0024910373613238335
65,joint39,0.0042859409004449844,0.00832158699631691,0.0020061833783984184
66,joint40,0.004149679560214281,-0.00482729310169816,0.0022184262052178383
66,joint44,-0.004679545760154724,-0.005928162485361099,0.002320831408724189
66,joint57,-0.004285940434783697,0.00863646063953638,0.0023417288903146982
66,joint39,0.0042859409004449844,0.008131482638418674,0.001990995602682233
67,joint40,0.004149679560214281,-0.004507654812186956,0.0022396626882255077
67,joint44,-0.004712358117103577,-0.006153573282063007,0.002307819901034236
67,joint57,-0.004285940434783697,0.008630632422864437,0.0022111674770712852
67,joint39,0.0042859409004449844,0.007965240627527237,0.001977713545784354
68,joint40,0.004149679094552994,-0.00424307631328702,0.002257240004837513
68,joint44,-0.004739518743008375,-0.0063401577062904835,0.002297049155458808
68,joint57,-0.0042859409004449844,0.008625810965895653,0.0021031314972788095
68,joint39,0.0042859409004449844,0.007827633060514927,0.0019667211454361677
69,joint40,0.004149679560214281,-0.004042727407068014,0.0022705504670739174
69,joint44,-0.004760086070746183,-0.006481444928795099,0.0022888940293341875
69,joint57,-0.00428593996912241,0.008622154593467712,0.0020212484523653984
69,joint39,0.0042859409004449844,0.007723433896899223,0.0019583962857723236
70,joint40,0.0041496786288917065,-0.003915791399776936,0.002278985921293497
70,joint44,-0.0047731162048876286,-0.006570963189005852,0.0022837251890450716
70,joint57,-0.00428593996912241,0.008619840256869793,0.001969396136701107
70,joint39,0.0042859409004449844,0.007657412905246019,0.0019531232537701726
71,joint40,0.004149679094552994,-0.0038714385591447353,0.0022819293662905693
71,joint44,-0.004777668975293636,-0.006602239329367876,0.002281919587403536
71,joint57,-0.00428593996912241,0.008619030937552452,0.001951279933564365
71,joint39,0.0042859409004449844,0.007634345907717943,0.0019512806320562959
72,joint40,0.0041496786288917065,-0.0038714418187737465,0.002281932858750224
72,joint44,-0.004777668975293636,-0.006602241192013025,0.0022819223813712597
72,joint57,-0.00428593996912241,0.008619030937552452,0.001951280515640974
72,joint39,0.0042859409004449844,0.007634345442056656,0.001951279933564365
73,joint40,0.0041496786288917065,-0.0038714418187737465,0.0022819307632744312
73,joint44,-0.004777668975293636,-0.006602240726351738,0.002281919587403536
73,joint57,-0.00428593996912241,0.008619031868875027,0.0019512781873345375
73,joint39,0.0042859409004449844,0.007634346839040518,0.001951279933564365
74,joint40,0.004149679094552994,-0.0038714425172656775,0.0022819319274276495
74,joint44,-0.004777668975293636,-0.006602239329367876,0.0022819219157099724
74,joint57,-0.00428593996912241,0.008619031868875027,0.0019512787694111466
74,joint39,0.0042859409004449844,0.007634346839040518,0.0019512808648869395
75,joint40,0.004149679560214281,-0.003871443448588252,0.002281930996105075
75,joint44,-0.004777668975293636,-0.006602241657674313,0.0022819209843873978
75,joint57,-0.00428593996912241,0.008619030937552452,0.0019512802828103304
75,joint39,0.0042859409004449844,0.007634345907717943,0.001951279933564365
76,joint40,0.004149679094552994,-0.0038714436814188957,0.0022819293662905693
76,joint44,-0.004777668975293636,-0.006602241657674313,0.002281919354572892
76,joint57,-0.00428593996912241,0.008619030006229877,0.0019512793514877558
76,joint39,0.0042859409004449844,0.007634344510734081,0.0019512802828103304
77,joint40,0.004149679094552994,-0.003871440887451172,0.002281926339492202
77,joint44,-0.004777668975293636,-0.006602241192013025,0.002281918888911605
77,joint57,-0.00428593996912241,0.008619030937552452,0.0019512793514877558
77,joint39,0.0042859409004449844,0.007634346839040518,0.001951279933564365
78,joint40,0.004149679094552994,-0.0038714425172656775,0.002281924244016409
78,joint44,-0.004777668975293636,-0.006602243520319462,0.0022819219157099724
78,joint57,-0.00428593996912241,0.008619030937552452,0.0019512793514877558
78,joint39,0.0042859409004449844,0.007634345442056656,0.0019512806320562959
79,joint40,0.004149679560214281,-0.003871440887451172,0.002281921450048685
79,joint44,-0.004777668509632349,-0.006602241657674313,0.002281921450048685
79,joint57,-0.004285940434783697,0.008619030937552452,0.0019512797007337213
79,joint39,0.0042859409004449844,0.007634344510734081,0.0019512808648869395
80,joint40,0.004149679560214281,-0.0038714425172656775,0.0022819212172180414
80,joint44,-0.004777668509632349,-0.006602241657674313,0.00228192494250834
80,joint57,-0.00428593996912241,0.008619030937552452,0.001951280515640974
80,joint39,0.0042859409004449844,0.0076343463733792305,0.0019512820290401578
81,joint40,0.004149679560214281,-0.0038714429829269648,0.0022819184232503176
81,joint44,-0.004777668975293636,-0.0066022430546581745,0.0022819179575890303
81,joint57,-0.00428593996912241,0.008619030937552452,0.0019512790022417903
81,joint39,0.0042859409004449844,0.007634345907717943,0.0019512802828103304
82,joint40,0.00414967630058527,-0.003871456952765584,0.002281944965943694
82,joint44,-0.004777668509632349,-0.006602244917303324,0.002281921450048685
82,joint57,-0.00428593996912241,0.008619030937552452,0.0019512802828103304
82,joint39,0.00428593996912241,0.007634344510734081,0.0019512793514877558
83,joint40,0.004149679094552994,-0.0038714425172656775,0.002281918888911605
83,joint44,-0.004777668509632349,-0.006602241192013025,0.002281920751556754
83,joint57,-0.00428593996912241,0.008619030937552452,0.0019512772560119629
83,joint39,0.004285940434783697,0.007634344045072794,0.0019512806320562959
84,joint40,0.004149675369262695,-0.0038714564871042967,0.00228195171803236
84,joint44,-0.004777668509632349,-0.006602241657674313,0.0022819198202341795
84,joint57,-0.0042859395034611225,0.008619031868875027,0.0019512781873345375
84,joint39,0.004285940434783697,0.007634344510734081,0.0019512793514877558
85,joint40,0.004149679560214281,-0.003871444845572114,0.0022819172590970993
85,joint44,-0.004777668975293636,-0.0066022430546581745,0.002281919587403536
85,joint57,-0.004285940434783697,0.008619030937552452,0.0019512766739353538
85,joint39,0.0042859409004449844,0.007634344510734081,0.001951279933564365
86,joint40,0.004149679560214281,-0.003871438791975379,0.0022819237783551216
86,joint44,-0.004777668509632349,-0.006602240726351738,0.0022819209843873978
86,joint57,-0.00428593996912241,0.008619030006229877,0.0019512829603627324
86,joint39,0.0042859409004449844,0.007634344510734081,0.0019512835424393415
87,joint40,0.004149679560214281,-0.003871440887451172,0.0022819233126938343
87,joint44,-0.004777668975293636,-0.006602241192013025,0.002281922148540616
87,joint57,-0.00428593996912241,0.008619030006229877,0.0019512820290401578
87,joint39,0.0042859409004449844,0.007634343579411507,0.001951279933564365
88,joint40,0.004149679094552994,-0.0038714429829269648,0.002281925408169627
88,joint44,-0.004777668975293636,-0.006602243985980749,0.0022819179575890303
88,joint57,-0.00428593996912241,0.008619030006229877,0.0019512802828103304
88,joint39,0.0042859409004449844,0.007634345907717943,0.0019512793514877558
89,joint40,0.0041496786288917065,-0.0038714404217898846,0.0022819286677986383
89,joint44,-0.004777668509632349,-0.006602240726351738,0.002281924244016409
89,joint57,-0.00428593996912241,0.008619030937552452,0.001951279933564365
89,joint39,0.004285940434783697,0.007634344510734081,0.0019512802828103304
90,joint40,0.0041496786288917065,-0.003871441353112459,0.002281929599121213
90,joint44,-0.004777668975293636,-0.006602240726351738,0.002281919354572892
90,joint57,-0.00428593996912241,0.008619031868875027,0.001951282611116767
90,joint39,0.0042859409004449844,0.007634345907717943,0.001951279933564365
91,joint40,0.0041496786288917065,-0.003871442750096321,0.002281928900629282
91,joint44,-0.004777669440954924,-0.006602240726351738,0.0022819212172180414
91,joint57,-0.004285940434783697,0.008619030937552452,0.0019512793514877558
91,joint39,0.0042859409004449844,0.007634345907717943,0.001951279933564365
92,joint40,0.004149678163230419,-0.003871441353112459,0.002281932160258293
92,joint44,-0.004777669906616211,-0.006602240726351738,0.002281919587403536
92,joint57,-0.00428593996912241,0.008619031868875027,0.001951280515640974
92,joint39,0.0042859409004449844,0.007634345907717943,0.0019512791186571121
93,joint40,0.0041496772319078445,-0.003871440887451172,0.002281932160258293
93,joint44,-0.004777668975293636,-0.006602239329367876,0.0022819191217422485
93,joint57,-0.0042859395034611225,0.008619031868875027,0.001951280515640974
93,joint39,0.0042859409004449844,0.007634345907717943,0.001951278536580503
94,joint40,0.0041496772319078445,-0.0038714418187737465,0.0022819354198873043
94,joint44,-0.004777668975293636,-0.006602240726351738,0.0022819233126938343
94,joint57,-0.00428593996912241,0.008619030937552452,0.0019512797007337213
94,joint39,0.004285940434783697,0.007634344510734081,0.0019512817962095141
95,joint40,0.004149678163230419,-0.0038714385591447353,0.0022819307632744312
95,joint44,-0.004777668975293636,-0.006602237932384014,0.0022819191217422485
95,joint57,-0.00428593996912241,0.008619031868875027,0.0019512814469635487
95,joint39,0.0042859409004449844,0.007634345907717943,0.0019512820290401578
96,joint40,0.004149677697569132,-0.00387143949046731,0.0022819379810243845
96,joint44,-0.004777668975293636,-0.006602237932384014,0.002281925408169627
96,joint57,-0.00428593996912241,0.008619031868875027,0.001951283193193376
96,joint39,0.0042859409004449844,0.007634345907717943,0.0019512823782861233
97,joint40,0.004149676766246557,-0.003871440188959241,0.0022819337900727987
97,joint44,-0.004777668975293636,-0.006602240726351738,0.002281919354572892
97,joint57,-0.0042859395034611225,0.008619030937552452,0.0019512817962095141
97,joint39,0.004285940434783697,0.007634343579411507,0.0019512823782861233
98,joint40,0.00414967630058527,-0.003871441353112459,0.0022819319274276495
98,joint44,-0.004777669906616211,-0.006602240726351738,0.002281919587403536
98,joint57,-0.004285940434783697,0.008619030937552452,0.001951280515640974
98,joint39,0.0042859409004449844,0.007634344510734081,0.0019512808648869395
99,joint40,0.0041496772319078445,-0.00387143949046731,0.002281932858750224
99,joint44,-0.004777669906616211,-0.006602237932384014,0.0022819233126938343
99,joint57,-0.00428593996912241,0.008619030006229877,0.0019512810977175832
99,joint39,0.0042859409004449844,0.007634345442056656,0.0019512787694111466
100,joint40,0.0041496772319078445,-0.0038714376278221607,0.0022819347213953733
100,joint44,-0.004777669906616211,-0.006602239329367876,0.0022819226142019033
100,joint57,-0.0042859395034611225,0.008619031868875027,0.001951279933564365
100,joint39,0.004285940434783697,0.007634344510734081,0.0019512814469635487
101,joint40,0.004149675834923983,-0.003871440188959241,0.002281932160258293
101,joint44,-0.004777669906616211,-0.006602241657674313,0.0022819223813712597
101,joint57,-0.0042859395034611225,0.008619031868875027,0.0019512787694111466
101,joint39,0.00428593996912241,0.007634344510734081,0.0019512797007337213
102,joint40,0.004149675369262695,-0.003871440188959241,0.002281932160258293
102,joint44,-0.004777669906616211,-0.006602239795029163,0.0022819223813712597
102,joint57,-0.00428593996912241,0.008619030006229877,0.0019512817962095141
102,joint39,0.00428593996912241,0.007634345907717943,0.0019512793514877558
103,joint40,0.00414967630058527,-0.003871440188959241,0.002281928900629282
103,joint44,-0.004777668975293636,-0.006602241192013025,0.0022819226142019033
103,joint57,-0.00428593996912241,0.008619030937552452,0.0019512810977175832
103,joint39,0.004285940434783697,0.0076343463733792305,0.0019512817962095141
104,joint40,0.0041496786288917065,-0.0038714346010237932,0.0022819265723228455
104,joint44,-0.004777669440954924,-0.006602237932384014,0.002281919587403536
104,joint57,-0.00428593996912241,0.008619031868875027,0.0019512793514877558
104,joint39,0.0042859409004449844,0.007634345442056656,0.0019512817962095141
105,joint40,0.004149679560214281,-0.003871433436870575,0.0022819247096776962
105,joint44,-0.004777668975293636,-0.006602237466722727,0.0022819184232503176
105,joint57,-0.00428593996912241,0.008619030937552452,0.0019512793514877558
105,joint39,0.0042859409004449844,0.007634344510734081,0.0019512793514877558
106,joint40,0.004149679560214281,-0.003871432738378644,0.0022819233126938343
106,joint44,-0.004777669440954924,-0.006602238863706589,0.0022819179575890303
106,joint57,-0.0042859395034611225,0.008619030937552452,0.0019512793514877558
106,joint39,0.00428593996912241,0.007634345907717943,0.0019512797007337213
107,joint40,0.0041496786288917065,-0.0038714308757334948,0.0022819230798631907
107,joint44,-0.004777668975293636,-0.006602237932384014,0.0022819212172180414
107,joint57,-0.004285939037799835,0.008619031868875027,0.0019512784201651812
107,joint39,0.00428593996912241,0.007634345907717943,0.0019512779545038939
108,joint40,0.004149674437940121,-0.0038714397232979536,0.0022819454316049814
108,joint44,-0.004777669440954924,-0.006602238863706589,0.002281917491927743
108,joint57,-0.00428593996912241,0.008619032800197601,0.001951279933564365
108,joint39,0.004285940434783697,0.007634345442056656,0.0019512806320562959
109,joint40,0.004149680491536856,-0.0038714297115802765,0.0022819233126938343
109,joint44,-0.004777669906616211,-0.006602237932384014,0.002281921450048685
109,joint57,-0.00428593996912241,0.008619031868875027,0.0019512797007337213
109,joint39,0.0042859409004449844,0.007634344510734081,0.0019512793514877558
110,joint40,0.004149679560214281,-0.0038714290130883455,0.002281926805153489
110,joint44,-0.004777668975293636,-0.006602237466722727,0.002281922847032547
110,joint57,-0.00428593996912241,0.008619031868875027,0.0019512820290401578
110,joint39,0.0042859409004449844,0.007634344510734081,0.0019512817962095141
111,joint40,0.004149680025875568,-0.0038714290130883455,0.002281924244016409
111,joint44,-0.004777669440954924,-0.006602237466722727,0.0022819198202341795
111,joint57,-0.00428593996912241,0.008619030937552452,0.0019512787694111466
111,joint39,0.0042859409004449844,0.007634345907717943,0.0019512779545038939
112,joint40,0.004149680491536856,-0.0038714278489351273,0.0022819251753389835
112,joint44,-0.004777668975293636,-0.006602237932384014,0.002281921450048685
112,joint57,-0.0042859395034611225,0.008619031868875027,0.0019512814469635487
112,joint39,0.0042859409004449844,0.007634345907717943,0.0019512823782861233
113,joint40,0.004149680957198143,-0.003871425986289978,0.002281922847032547
113,joint44,-0.004777668975293636,-0.006602238863706589,0.0022819184232503176
113,joint57,-0.00428593996912241,0.008619031868875027,0.0019512790022417903
113,joint39,0.0042859409004449844,0.007634345442056656,0.0019512820290401578
114,joint40,0.004149680025875568,-0.003871428780257702,0.002281924244016409
114,joint44,-0.004777668975293636,-0.006602239795029163,0.002281919587403536
114,joint57,-0.004285939037799835,0.008619031868875027,0.001951279933564365
114,joint39,0.004285940434783697,0.007634345442056656,0.0019512797007337213
115,joint40,0.004149680025875568,-0.0038714278489351273,0.0022819247096776962
115,joint44,-0.004777669906616211,-0.006602238863706589,0.0022819209843873978
115,joint57,-0.00428593996912241,0.008619030937552452,0.0019512814469635487
115,joint39,0.0042859409004449844,0.007634344510734081,0.001951282611116767
116,joint40,0.004149679560214281,-0.0038714248221367598,0.0022819247096776962
116,joint44,-0.004777668975293636,-0.006602236535400152,0.002281920053064823
116,joint57,-0.00428593996912241,0.008619031868875027,0.0019512790022417903
116,joint39,0.004285940434783697,0.007634345907717943,0.001951281214132905
117,joint40,0.004149680491536856,-0.0038714255206286907,0.0022819251753389835
117,joint44,-0.004777669906616211,-0.00660223513841629,0.002281919354572892
117,joint57,-0.0042859395034611225,0.008619031868875027,0.001951280515640974
117,joint39,0.004285940434783697,0.0076343463733792305,0.0019512787694111466
118,joint40,0.004149680025875568,-0.0038714271504431963,0.0022819279693067074
118,joint44,-0.004777668509632349,-0.006602237932384014,0.0022819226142019033
118,joint57,-0.0042859395034611225,0.008619031868875027,0.0019512793514877558
118,joint39,0.004285940434783697,0.007634345907717943,0.0019512797007337213
119,joint40,0.004148069303482771,-0.003947372082620859,0.002285333350300789
119,joint44,-0.004777668509632349,-0.006602239329367876,0.002281919354572892
119,joint57,-0.0042859395034611225,0.008619030937552452,0.0019512790022417903
119,joint39,0.0042859409004449844,0.007634345907717943,0.001951279933564365
120,joint40,0.004143415950238705,-0.004161999095231295,0.0022949674166738987
120,joint44,-0.004777669906616211,-0.006602236535400152,0.002281922148540616
120,joint57,-0.00428593996912241,0.008619030006229877,0.0019512790022417903
120,joint39,0.004285940434783697,0.007634345907717943,0.0019512806320562959
121,joint40,0.004135997034609318,-0.004495499189943075,0.002309932140633464
121,joint44,-0.004777668975293636,-0.0066022370010614395,0.0022819226142019033
121,joint57,-0.00428593996912241,0.008619030937552452,0.0019512790022417903
121,joint39,0.004285940434783697,0.007634345442056656,0.0019512806320562959
122,joint40,0.0041260807774960995,-0.004928060807287693,0.0023293455597013235
122,joint44,-0.004777669906616211,-0.006602238863706589,0.002281920053064823
122,joint57,-0.00428593996912241,0.008619031868875027,0.0019512797007337213
122,joint39,0.0042859409004449844,0.007634345442056656,0.0019512787694111466
123,joint40,0.004113943316042423,-0.005439865402877331,0.002352317562326789
123,joint44,-0.004777668975293636,-0.006602237932384014,0.0022819226142019033
123,joint57,-0.00428593996912241,0.008619030006229877,0.001951282611116767
123,joint39,0.0042859409004449844,0.007634345442056656,0.0019512820290401578
124,joint40,0.004099856596440077,-0.006011107470840216,0.0023779552429914474
124,joint44,-0.004777668509632349,-0.006602236535400152,0.0022819216828793287
124,joint57,-0.00428593996912241,0.008619031868875027,0.001951280515640974
124,joint39,0.00428593996912241,0.007634344510734081,0.0019512808648869395
125,joint40,0.004084094427525997,-0.006621974520385265,0.002405366860330105
125,joint44,-0.004777665250003338,-0.006602237466722727,0.0022819372825324535
125,joint57,-0.00428593996912241,0.008619030937552452,0.0019512802828103304
125,joint39,0.0042859409004449844,0.007634345907717943,0.0019512791186571121
126,joint40,0.00406692735850811,-0.007252651732414961,0.0024336697533726692
126,joint44,-0.004777668975293636,-0.0066022370010614395,0.002281919354572892
126,joint57,-0.00428593996912241,0.008619030937552452,0.0019512797007337213
126,joint39,0.004285940434783697,0.007634345442056656,0.001951279933564365
127,joint40,0.00404862966388464,-0.007883328013122082,0.0024619761388748884
127,joint44,-0.004777668975293636,-0.006602237932384014,0.002281920053064823
127,joint57,-0.0042859409004449844,0.008619030937552452,0.001951280515640974
127,joint39,0.0042859409004449844,0.007634345907717943,0.0019512797007337213
128,joint40,0.004029475152492523,-0.008494194597005844,0.0024893961381167173
128,joint44,-0.004777668509632349,-0.006602237932384014,0.002281925408169627
128,joint57,-0.004285940434783697,0.008619030937552452,0.0019512802828103304
128,joint39,0.0042859409004449844,0.007634345442056656,0.0019512820290401578
129,joint40,0.004009735770523548,-0.009065440855920315,0.002515024971216917
129,joint44,-0.004777668509632349,-0.006602239795029163,0.002281921450048685
129,joint57,-0.00428593996912241,0.008619031868875027,0.0019512808648869395
129,joint39,0.0042859409004449844,0.007634345442056656,0.001951279933564365
130,joint40,0.003989683464169502,-0.009577242657542229,0.002538001397624612
130,joint44,-0.004777667578309774,-0.006602237932384014,0.00228192750364542
130,joint57,-0.00428593996912241,0.008619031868875027,0.0019512790022417903
130,joint39,0.00428593996912241,0.0076343463733792305,0.0019512806320562959
131,joint40,0.0039695934392511845,-0.01000980194658041,0.0025574176106601954
131,joint44,-0.0047776661813259125,-0.006602239795029163,0.0022819272708147764
131,joint57,-0.00428593996912241,0.008619030937552452,0.0019512793514877558
131,joint39,0.0042859409004449844,0.007634345442056656,0.0019512793514877558
132,joint40,0.003949736710637808,-0.010343300178647041,0.002572392113506794
132,joint44,-0.0047776661813259125,-0.006602239329367876,0.002281934954226017
132,joint57,-0.00428593996912241,0.008619030937552452,0.001951279933564365
132,joint39,0.00428593996912241,0.007634345907717943,0.0019512820290401578
133,joint40,0.003930387087166309,-0.010557928122580051,0.0025820224545896053
133,joint44,-0.0047776661813259125,-0.006602237932384014,0.002281929599121213
133,joint57,-0.00428593996912241,0.008619031868875027,0.0019512808648869395
133,joint39,0.0042859409004449844,0.007634345907717943,0.001951281214132905
134,joint40,0.003911817446351051,-0.010633876547217369,0.002585432957857847
134,joint44,-0.0047776666469872,-0.006602239329367876,0.0022819368168711662
134,joint57,-0.00428593996912241,0.008619030937552452,0.0019512817962095141
134,joint39,0.004285940434783697,0.007634345907717943,0.0019512806320562959
135,joint40,0.0038873967714607716,-0.01037275604903698,0.002515119966119528
135,joint44,-0.0047776666469872,-0.006602240726351738,0.0022819307632744312
135,joint57,-0.004285940434783697,0.008619030937552452,0.0019512810977175832
135,joint39,0.0042859409004449844,0.0076343463733792305,0.001951282611116767
136,joint40,0.003854232607409358,-0.009719262830913067,0.002339339116588235
136,joint44,-0.004777667578309774,-0.006602241657674313,0.002281931694597006
136,joint57,-0.004285940434783697,0.008619030006229877,0.0019512829603627324
136,joint39,0.0042859409004449844,0.007634345442056656,0.0019512814469635487
137,joint40,0.003818203927949071,-0.008868202567100525,0.0021108239889144897
137,joint44,-0.004777668509632349,-0.0066022421233356,0.0022819279693067074
137,joint57,-0.004285940434783697,0.008619031868875027,0.001951279933564365
137,joint39,0.0042859409004449844,0.007634345442056656,0.0019512787694111466
138,joint40,0.0037851897068321705,-0.008014374412596226,0.0018823060672730207
138,joint44,-0.004777668509632349,-0.006602237466722727,0.002281922847032547
138,joint57,-0.004285940434783697,0.008619030937552452,0.0019512793514877558
138,joint39,0.0042859409004449844,0.0076343463733792305,0.0019512793514877558
139,joint40,0.0037610705476254225,-0.007352600339800119,0.0017065267311409116
139,joint44,-0.004777668975293636,-0.006602237932384014,0.0022819184232503176
139,joint57,-0.004285940434783697,0.008619031868875027,0.001951279933564365
139,joint39,0.0042859409004449844,0.0076343463733792305,0.001951278536580503
140,joint40,0.003751724259927869,-0.007077669724822044,0.0016362110618501902
140,joint44,-0.004777668975293636,-0.006602237466722727,0.0022819216828793287
140,joint57,-0.004285941366106272,0.008619030937552452,0.0019513347651809454
140,joint39,0.0042859409004449844,0.007634346839040518,0.0019512806320562959
141,joint40,0.0039004068821668625,-0.007066008169203997,0.0019428805680945516
141,joint44,-0.004777669440954924,-0.006602239795029163,0.002281919587403536
141,joint57,-0.004285941366106272,0.008619030937552452,0.0019513270817697048
141,joint39,0.0042859409004449844,0.007634345442056656,0.0019512808648869395
142,joint40,0.004210256040096283,-0.007061711046844721,0.0025124188978224993
142,joint44,-0.004777667578309774,-0.006602239795029163,0.0022819354198873043
142,joint57,-0.0042859409004449844,0.008619030937552452,0.0019513192819431424
142,joint39,0.0042859409004449844,0.007634345907717943,0.0019512806320562959
143,joint40,0.004476977977901697,-0.007061094976961613,0.0028190964367240667
143,joint44,-0.004777669906616211,-0.006602236535400152,0.0022819226142019033
143,joint57,-0.0042859409004449844,0.008619031868875027,0.0019513142760843039
143,joint39,0.0042859409004449844,0.007634345907717943,0.0019512806320562959
144,joint40,0.004664968233555555,-0.00726027088239789,0.002818870125338435
144,joint44,-0.004777669440954924,-0.006602238863706589,0.002281920285895467
144,joint57,-0.0042859409004449844,0.008619030937552452,0.0019513097358867526
144,joint39,0.0042859409004449844,0.007634345442056656,0.0019512814469635487
145,joint40,0.004864891991019249,-0.007773928809911013,0.0028173283208161592
145,joint44,-0.004777669440954924,-0.006602237932384014,0.0022819226142019033
145,joint57,-0.0042859409004449844,0.008619030937552452,0.0019513076404109597
145,joint39,0.0042859409004449844,0.007634345907717943,0.0019512802828103304
146,joint40,0.0050618574023246765,-0.008476284332573414,0.0028131355065852404
146,joint44,-0.004777668975293636,-0.006602239795029163,0.0022819251753389835
146,joint57,-0.0042859409004449844,0.008619030937552452,0.0019513082224875689
146,joint39,0.0042859409004449844,0.007634346839040518,0.0019512814469635487
147,joint40,0.005240974947810173,-0.009241527877748013,0.0028049731627106667
147,joint44,-0.004777669440954924,-0.006602236535400152,0.002281922148540616
147,joint57,-0.0042859409004449844,0.008619031868875027,0.0019513079896569252
147,joint39,0.0042859409004449844,0.007634346839040518,0.001951279933564365
148,joint40,0.005387352779507637,-0.009943884797394276,0.002791512990370393
148,joint44,-0.004777669440954924,-0.006602239795029163,0.0022819223813712597
148,joint57,-0.0042859409004449844,0.008619031868875027,0.0019513076404109597
148,joint39,0.0042859409004449844,0.007634345907717943,0.0019512793514877558
149,joint40,0.005486099049448967,-0.010457545518875122,0.002771437633782625
149,joint44,-0.004777669440954924,-0.006602239795029163,0.002281920285895467
149,joint57,-0.0042859409004449844,0.008619030937552452,0.0019513070583343506
149,joint39,0.0042859409004449844,0.007634345907717943,0.001951281214132905
150,joint40,0.005522323772311211,-0.010656720958650112,0.0027434187941253185
150,joint44,-0.004777668975293636,-0.006602241192013025,0.0022819209843873978
150,joint57,-0.0042859409004449844,0.008619030937552452,0.0019513082224875689
150,joint39,0.0042859409004449844,0.007634345442056656,0.0019512808648869395
151,joint40,0.005513910669833422,-0.01053731981664896,0.002652863273397088
151,joint44,-0.004777669440954924,-0.006602237466722727,0.0022819209843873978
151,joint57,-0.0042859409004449844,0.008619031868875027,0.0019513091538101435
151,joint39,0.0042859409004449844,0.007634345442056656,0.0019512806320562959
152,joint40,0.005489665549248457,-0.010215966030955315,0.00247150263749063
152,joint44,-0.004777668975293636,-0.006602239329367876,0.002281920053064823
152,joint57,-0.0042859409004449844,0.008619031868875027,0.0019513097358867526
152,joint39,0.0042859409004449844,0.007634344045072794,0.001951281214132905
153,joint40,0.00545108737424016,-0.009747901931405067,0.0022375197149813175
153,joint44,-0.004777669440954924,-0.006602239329367876,0.0022819237783551216
153,joint57,-0.0042859409004449844,0.008619030937552452,0.0019513106672093272
153,joint39,0.0042859409004449844,0.007634344510734081,0.0019512833096086979
154,joint40,0.005399672314524651,-0.009188378229737282,0.001989073120057583
154,joint44,-0.004777669440954924,-0.006602239329367876,0.002281922148540616
154,joint57,-0.0042859409004449844,0.008619031868875027,0.0019513112492859364
154,joint39,0.0042859409004449844,0.007634344510734081,0.0019512820290401578
155,joint40,0.005336915608495474,-0.008592654019594193,0.0017643499886617064
155,joint44,-0.004777668975293636,-0.006602239329367876,0.0022819198202341795
155,joint57,-0.0042859409004449844,0.008619030937552452,0.001951313577592373
155,joint39,0.0042859409004449844,0.007634344510734081,0.0019512814469635487
156,joint40,0.005264315288513899,-0.00801597535610199,0.0016015227884054184
156,joint44,-0.004777668975293636,-0.006602237932384014,0.002281920751556754
156,joint57,-0.0042859409004449844,0.008619031868875027,0.0019513115985319018
156,joint39,0.0042859409004449844,0.0076343463733792305,0.0019512806320562959
157,joint40,0.005183367058634758,-0.007513596210628748,0.0015387629391625524
157,joint44,-0.00477765966206789,-0.0066022430546581745,0.002281957771629095
157,joint57,-0.0042859409004449844,0.008619030937552452,0.0019513115985319018
157,joint39,0.0042859409004449844,0.007634345442056656,0.0019512802828103304
158,joint40,0.0050397589802742004,-0.006971488241106272,0.0019241833360865712
158,joint44,-0.0047776661813259125,-0.006602239329367876,0.002281930297613144
158,joint57,-0.0042859409004449844,0.008619033731520176,0.00195131276268512
158,joint39,0.0042859409004449844,0.007634348701685667,0.0019512823782861233
159,joint40,0.004839851520955563,-0.00643280940130353,0.0026398245245218277
159,joint44,-0.004777668043971062,-0.006602237932384014,0.002281925408169627
159,joint57,-0.0042859409004449844,0.008619030937552452,0.0019513154402375221
159,joint39,0.004285940434783697,0.007634345442056656,0.0019512820290401578
160,joint40,0.004676095675677061,-0.006188579369336367,0.0030251946300268173
160,joint44,-0.004777655936777592,-0.006602245382964611,0.0022819696459919214
160,joint57,-0.004285941366106272,0.008619030006229877,0.0019513156730681658
160,joint39,0.0042859409004449844,0.0076343463733792305,0.0019512820290401578
161,joint40,0.004557342268526554,-0.006219218485057354,0.002970136934891343
161,joint44,-0.004777668509632349,-0.0066022370010614395,0.0022819247096776962
161,joint57,-0.0042859409004449844,0.008619030937552452,0.001951317535713315
161,joint39,0.0042859409004449844,0.007634345907717943,0.0019512833096086979
162,joint40,0.004437525290995836,-0.006295823957771063,0.002832491649314761
162,joint44,-0.004777668975293636,-0.006602239329367876,0.0022819226142019033
162,joint57,-0.004285941366106272,0.008619030937552452,0.0019513183506205678
162,joint39,0.0042859409004449844,0.007634344045072794,0.0019512820290401578
163,joint40,0.0043267481960356236,-0.006395404227077961,0.0026535564102232456
163,joint44,-0.004777668509632349,-0.006602237932384014,0.002281921450048685
163,joint57,-0.0042859409004449844,0.008619030006229877,0.001951319631189108
163,joint39,0.0042859409004449844,0.007634345442056656,0.0019512814469635487
164,joint40,0.004235112573951483,-0.006494988687336445,0.0024746223352849483
164,joint44,-0.004777668975293636,-0.006602237932384014,0.002281922847032547
164,joint57,-0.0042859409004449844,0.008619030937552452,0.001951319631189108
164,joint39,0.0042859409004449844,0.0076343463733792305,0.0019512829603627324
165,joint40,0.00417272187769413,-0.006571593228727579,0.002337029669433832
165,joint44,-0.004777668509632349,-0.006602237932384014,0.0022819226142019033
165,joint57,-0.004285941366106272,0.008619030937552452,0.0019513213774189353
165,joint39,0.0042859409004449844,0.007634345907717943,0.0019512814469635487
166,joint40,0.00414968142285943,-0.006602232810109854,0.0022819209843873978
166,joint44,-0.004777668975293636,-0.006602238863706589,0.002281922148540616
166,joint57,-0.0042859409004449844,0.008619030937552452,0.0019513198640197515
166,joint39,0.0042859409004449844,0.007634346839040518,0.001951281214132905
167,joint40,0.00414968142285943,-0.006602233741432428,0.0022819279693067074
167,joint44,-0.004777667578309774,-0.006602239795029163,0.00228192750364542
167,joint57,-0.0042859409004449844,0.008619030937552452,0.001951324986293912
167,joint39,0.0042859409004449844,0.007634345907717943,0.0019512820290401578
168,joint40,0.004149680957198143,-0.006602233741432428,0.002281926106661558
168,joint44,-0.004777667578309774,-0.006602237932384014,0.0022819272708147764
168,joint57,-0.004285941366106272,0.008619030937552452,0.001951324986293912
168,joint39,0.0042859409004449844,0.007634344510734081,0.0019512823782861233
169,joint40,0.00414968142285943,-0.006602233741432428,0.0022819226142019033
169,joint44,-0.004777667112648487,-0.006602240726351738,0.002281926805153489
169,joint57,-0.0042859409004449844,0.008619030937552452,0.0019513258012011647
169,joint39,0.0042859409004449844,0.007634344510734081,0.0019512829603627324
170,joint40,0.004149680957198143,-0.006602233741432428,0.0022819247096776962
170,joint44,-0.004777667112648487,-0.006602239329367876,0.0022819291334599257
170,joint57,-0.004285941366106272,0.008619031868875027,0.0019513252191245556
170,joint39,0.0042859409004449844,0.0076343463733792305,0.001951279933564365
171,joint40,0.004149680491536856,-0.006602234672755003,0.0022819300647825003
171,joint44,-0.0047776666469872,-0.006602237932384014,0.0022819300647825003
171,joint57,-0.0042859409004449844,0.008619030937552452,0.0019513261504471302
171,joint39,0.0042859409004449844,0.0076343463733792305,0.0019512802828103304
172,joint40,0.004149680491536856,-0.006602233741432428,0.002281932858750224
172,joint44,-0.0047776661813259125,-0.006602237932384014,0.0022819347213953733
172,joint57,-0.004285941831767559,0.008619031868875027,0.0019513288279995322
172,joint39,0.0042859409004449844,0.007634345907717943,0.0019512835424393415
173,joint40,0.004149680025875568,-0.006602237466722727,0.002281932393088937
173,joint44,-0.0047776666469872,-0.006602239329367876,0.0022819305304437876
173,joint57,-0.004285941366106272,0.008619029074907303,0.0019513278966769576
173,joint39,0.0042859409004449844,0.007634344510734081,0.0019512802828103304
174,joint40,0.004149680491536856,-0.006602237466722727,0.002281931461766362
174,joint44,-0.004777667578309774,-0.006602240726351738,0.002281929599121213
174,joint57,-0.004285941366106272,0.008619030006229877,0.0019513297593221068
174,joint39,0.0042859409004449844,0.007634345907717943,0.001951279933564365
175,joint40,0.004149679560214281,-0.006602237466722727,0.0022819337900727987
175,joint44,-0.004777667578309774,-0.006602238863706589,0.002281929599121213
175,joint57,-0.004285941366106272,0.008619030006229877,0.0019513320876285434
175,joint39,0.0042859409004449844,0.007634345907717943,0.0019512823782861233
176,joint40,0.004149679560214281,-0.006602237932384014,0.002281928900629282
176,joint44,-0.004777668509632349,-0.006602239329367876,0.0022819247096776962
176,joint57,-0.004285941831767559,0.008619030006229877,0.0019513324368745089
176,joint39,0.0042859409004449844,0.007634345907717943,0.001951278536580503
177,joint40,0.004149680491536856,-0.006602238863706589,0.0022819258738309145
177,joint44,-0.004777668509632349,-0.006602239329367876,0.0022819205187261105
177,joint57,-0.004285941366106272,0.008619030006229877,0.0019513366278260946
177,joint39,0.0042859409004449844,0.007634345442056656,0.001951279933564365
178,joint40,0.004149679560214281,-0.006602238863706589,0.002281926106661558
178,joint44,-0.004777668509632349,-0.006602239795029163,0.0022819226142019033
178,joint57,-0.004285941366106272,0.008619030006229877,0.001951341051608324
178,joint39,0.0042859409004449844,0.0076343463733792305,0.001951281214132905
179,joint40,0.004149679560214281,-0.006602237932384014,0.0022819230798631907
179,joint44,-0.004777668509632349,-0.006602237932384014,0.002281924244016409
179,joint57,-0.004285941831767559,0.008619027212262154,0.0019513454753905535
179,joint39,0.0042859409004449844,0.007634344510734081,0.0019512802828103304
180,joint40,0.004149679560214281,-0.006602240726351738,0.002281920053064823
180,joint44,-0.004777668509632349,-0.006602239795029163,0.0022819223813712597
180,joint57,-0.004285940434783697,0.008619030006229877,0.0019512813305482268
180,joint39,0.0042859409004449844,0.007634344045072794,0.0019512793514877558
181,joint40,0.004149679560214281,-0.0066022370010614395,0.00228192494250834
181,joint44,-0.004777668509632349,-0.006602237932384014,0.0022819233126938343
181,joint57,-0.00428593996912241,0.008619030006229877,0.0019512807484716177
181,joint39,0.004285940434783697,0.0076343463733792305,0.0019512817962095141
182,joint40,0.004149679560214281,-0.006602238863706589,0.002281919587403536
182,joint44,-0.004777668975293636,-0.006602239795029163,0.002281921450048685
182,joint57,-0.004285940434783697,0.008619030937552452,0.0019512788858264685
182,joint39,0.0042859409004449844,0.007634345907717943,0.0019512793514877558
183,joint40,0.004149680491536856,-0.006602238863706589,0.002281920751556754
183,joint44,-0.004777668975293636,-0.006602239329367876,0.0022819247096776962
183,joint57,-0.004285940434783697,0.008619031868875027,0.0019512809813022614
183,joint39,0.0042859409004449844,0.007634346839040518,0.0019512802828103304
184,joint40,0.004149679560214281,-0.006602237466722727,0.0022819251753389835
184,joint44,-0.004777668975293636,-0.006602237466722727,0.0022819244768470526
184,joint57,-0.00428593996912241,0.008619031868875027,0.001951281912624836
184,joint39,0.004285940434783697,0.0076343463733792305,0.001951281214132905
185,joint40,0.004149680491536856,-0.006602239795029163,0.0022819216828793287
185,joint44,-0.004777668975293636,-0.006602240726351738,0.002281923545524478
185,joint57,-0.00428593996912241,0.008619030937552452,0.0019512800499796867
185,joint39,0.004285940434783697,0.007634345907717943,0.0019512814469635487
186,joint40,0.004149679560214281,-0.006602237932384014,0.0022819219157099724
186,joint44,-0.004777668975293636,-0.006602239329367876,0.0022819230798631907
186,joint57,-0.004285940434783697,0.008619030937552452,0.0019512813305482268
186,joint39,0.0042859409004449844,0.007634345442056656,0.0019512808648869395
187,joint40,0.004149679560214281,-0.006602237932384014,0.00228192750364542
187,joint44,-0.004777668509632349,-0.006602237932384014,0.0022819305304437876
187,joint57,-0.00428593996912241,0.008619031868875027,0.0019512827275320888
187,joint39,0.004285940434783697,0.0076343463733792305,0.0019512833096086979
188,joint40,0.004149679560214281,-0.006602240726351738,0.0022819293662905693
188,joint44,-0.004777667578309774,-0.0066022421233356,0.0022819300647825003
188,joint57,-0.00428593996912241,0.008619030937552452,0.0019512794679030776
188,joint39,0.0042859409004449844,0.007634345442056656,0.001951278536580503
189,joint40,0.0041496786288917065,-0.006602238863706589,0.0022819305304437876
189,joint44,-0.0047776666469872,-0.006602241657674313,0.0022819312289357185
189,joint57,-0.00428593996912241,0.008619031868875027,0.0019512794679030776
189,joint39,0.0042859409004449844,0.007634345907717943,0.001951279933564365
190,joint40,0.0041496786288917065,-0.006602237466722727,0.002281933557242155
190,joint44,-0.004777667578309774,-0.006602240726351738,0.0022819344885647297
190,joint57,-0.00428593996912241,0.008619030937552452,0.0019512794679030776
190,joint39,0.0042859409004449844,0.007634345907717943,0.0019512802828103304
191,joint40,0.004149679094552994,-0.006602234672755003,0.002281931461766362
191,joint44,-0.004777668043971062,-0.0066022370010614395,0.0022819312289357185
191,joint57,-0.004285940434783697,0.008619030937552452,0.001951279817149043
191,joint39,0.0042859409004449844,0.007634345907717943,0.0019512806320562959
192,joint40,0.004149679560214281,-0.006602233741432428,0.002281926339492202
192,joint44,-0.004777668509632349,-0.006602239795029163,0.002281926106661558
192,joint57,-0.00428593996912241,0.008619031868875027,0.0019512794679030776
192,joint39,0.0042859409004449844,0.007634344510734081,0.0019512806320562959
193,joint40,0.004149680491536856,-0.006602231413125992,0.002281922148540616
193,joint44,-0.004777668975293636,-0.0066022370010614395,0.0022819216828793287
193,joint57,-0.00428593996912241,0.008619031868875027,0.0019512803992256522
193,joint39,0.0042859409004449844,0.007634345907717943,0.0019512797007337213
194,joint40,0.004149679560214281,-0.006602233741432428,0.0022819205187261105
194,joint44,-0.004777668975293636,-0.006602240726351738,0.002281922148540616
194,joint57,-0.00428593996912241,0.008619031868875027,0.0019512790022417903
194,joint39,0.0042859409004449844,0.007634345907717943,0.001951279933564365
195,joint40,0.004149680491536856,-0.006602233741432428,0.002281920751556754
195,joint44,-0.004777668975293636,-0.006602239795029163,0.002281919354572892
195,joint57,-0.00428593996912241,0.008619030937552452,0.0019512817962095141
195,joint39,0.0042859409004449844,0.007634345907717943,0.0019512823782861233
196,joint40,0.004149680025875568,-0.006602230481803417,0.0022819216828793287
196,joint44,-0.004777669906616211,-0.0066022370010614395,0.0022819205187261105
196,joint57,-0.004285940434783697,0.008619030937552452,0.0019512797007337213
196,joint39,0.0042859409004449844,0.007634345907717943,0.0019512802828103304
197,joint40,0.004149680491536856,-0.00660223001614213,0.002281922847032547
197,joint44,-0.004777669440954924,-0.0066022370010614395,0.0022819205187261105
197,joint57,-0.004285940434783697,0.008619031868875027,0.0019512808648869395
197,joint39,0.0042859409004449844,0.007634345907717943,0.0019512833096086979
198,joint40,0.004149680491536856,-0.006602231413125992,0.0022819198202341795
198,joint44,-0.004777668975293636,-0.006602239795029163,0.002281918190419674
198,joint57,-0.004285940434783697,0.008619031868875027,0.0019512790022417903
198,joint39,0.0042859409004449844,0.007634345907717943,0.0019512797007337213
199,joint40,0.004149680491536856,-0.006602228619158268,0.0022819216828793287
199,joint44,-0.004777669440954924,-0.0066022370010614395,0.0022819209843873978
199,joint57,-0.00428593996912241,0.008619030937552452,0.0019512802828103304
199,joint39,0.0042859409004449844,0.007634345907717943,0.001951279933564365
200,joint40,0.004149680491536856,-0.006602228153496981,0.0022819216828793287
200,joint44,-0.004777668975293636,-0.0066022370010614395,0.0022819209843873978
200,joint57,-0.00428593996912241,0.008619030937552452,0.0019512808648869395
200,joint39,0.004285940434783697,0.007634345907717943,0.0019512817962095141
201,joint40,0.004149676766246557,-0.006584242917597294,0.002336219884455204
201,joint44,-0.004777668975293636,-0.006602236535400152,0.002281920053064823
201,joint57,-0.004285940434783697,0.008619031868875027,0.001951283193193376
201,joint39,0.0042859409004449844,0.007634345907717943,0.0019512841245159507
202,joint40,0.004149680491536856,-0.00653263833373785,0.0024849807377904654
202,joint44,-0.004777669906616211,-0.0066022370010614395,0.0022819212172180414
202,joint57,-0.004285940434783697,0.008619030937552452,0.001951279933564365
202,joint39,0.0042859409004449844,0.007634345907717943,0.001951281214132905
203,joint40,0.004149680491536856,-0.006450960878282785,0.0027072879020124674
203,joint44,-0.004777668975293636,-0.006602238863706589,0.002281918190419674
203,joint57,-0.00428593996912241,0.008619031868875027,0.0019512797007337213
203,joint39,0.0042859409004449844,0.007634345907717943,0.0019512808648869395
204,joint40,0.004149680491536856,-0.006342743989080191,0.002982114674523473
204,joint44,-0.004777662456035614,-0.006602238863706589,0.0022819607984274626
204,joint57,-0.00428593996912241,0.008619030937552452,0.001951279933564365
204,joint39,0.0042859409004449844,0.007634345442056656,0.0019512817962095141
205,joint40,0.004149680491536856,-0.006211522035300732,0.003288453444838524
205,joint44,-0.004777665715664625,-0.006602233741432428,0.002281945664435625
205,joint57,-0.00428593996912241,0.008619031868875027,0.0019512837752699852
205,joint39,0.0042859409004449844,0.007634345907717943,0.0019512817962095141
206,joint40,0.004149680491536856,-0.00606084568426013,0.003605285193771124
206,joint44,-0.004777667578309774,-0.006602239329367876,0.0022819305304437876
206,joint57,-0.00428593996912241,0.008619030006229877,0.0019512808648869395
206,joint39,0.0042859409004449844,0.0076343463733792305,0.0019512797007337213
207,joint40,0.00414968142285943,-0.005894242320209742,0.0039116134867072105
207,joint44,-0.004777668975293636,-0.006602237932384014,0.002281923545524478
207,joint57,-0.00428593996912241,0.008619030006229877,0.0019512810977175832
207,joint39,0.004285940434783697,0.007634345442056656,0.0019512806320562959
208,joint40,0.004149686079472303,-0.005715252365916967,0.004186404403299093
208,joint44,-0.004777669440954924,-0.006602238863706589,0.002281919354572892
208,joint57,-0.00428593996912241,0.008619030937552452,0.0019512793514877558
208,joint39,0.0042859409004449844,0.007634345442056656,0.0019512817962095141
209,joint40,0.004149680491536856,-0.005527425557374954,0.004408757667988539
209,joint44,-0.004777668975293636,-0.006602237466722727,0.0022819212172180414
209,joint57,-0.00428593996912241,0.008619030937552452,0.0019512784201651812
209,joint39,0.0042859409004449844,0.007634345907717943,0.0019512806320562959
210,joint40,0.004149680491536856,-0.005334284622222185,0.004557551350444555
210,joint44,-0.004777669440954924,-0.006602237466722727,0.0022819233126938343
210,joint57,-0.004285940434783697,0.008619030006229877,0.0019512790022417903
210,joint39,0.0042859409004449844,0.007634345442056656,0.0019512817962095141
211,joint40,0.004149680491536856,-0.005139375105500221,0.0046118139289319515
211,joint44,-0.004777669906616211,-0.006602238863706589,0.002281922148540616
211,joint57,-0.004285940434783697,0.008619030937552452,0.001951279933564365
211,joint39,0.0042859409004449844,0.007634345907717943,0.001951281214132905
212,joint40,0.004149680491536856,-0.0049462346360087395,0.004546578507870436
212,joint44,-0.004777669440954924,-0.006602239795029163,0.0022819191217422485
212,joint57,-0.004285940434783697,0.008619030937552452,0.0019512802828103304
212,joint39,0.0042859409004449844,0.007634345442056656,0.001951281214132905
213,joint40,0.004149680491536856,-0.004758402239531279,0.004369506612420082
213,joint44,-0.004777668509632349,-0.006602237466722727,0.002281928900629282
213,joint57,-0.00428593996912241,0.008619029074907303,0.0019512784201651812
213,joint39,0.0042859409004449844,0.007634344510734081,0.0019512781873345375
214,joint40,0.0041496846824884415,-0.004579410422593355,0.004108533728867769
214,joint44,-0.004777662921696901,-0.006602236535400152,0.0022819573059678078
214,joint57,-0.00428593996912241,0.008619030937552452,0.001951279235072434
214,joint39,0.0042859409004449844,0.007634344510734081,0.0019512802828103304
215,joint40,0.00414968142285943,-0.004412810783833265,0.0037916882429271936
215,joint44,-0.004777669440954924,-0.006602239795029163,0.0022819179575890303
215,joint57,-0.00428593996912241,0.008619030937552452,0.0019512788858264685
215,joint39,0.0042859409004449844,0.007634345442056656,0.0019512793514877558
216,joint40,0.004149680957198143,-0.004262133501470089,0.003446867922320962
216,joint44,-0.004777669440954924,-0.006602239329367876,0.0022819212172180414
216,joint57,-0.00428593996912241,0.008619030937552452,0.0019512807484716177
216,joint39,0.0042859409004449844,0.007634345442056656,0.0019512793514877558
217,joint40,0.004149680957198143,-0.004130918066948652,0.003102043177932501
217,joint44,-0.004777669440954924,-0.006602241192013025,0.0022819205187261105
217,joint57,-0.00428593996912241,0.008619030937552452,0.0019512813305482268
217,joint39,0.0042859409004449844,0.007634345907717943,0.0019512820290401578
218,joint40,0.004149680491536856,-0.004022702109068632,0.002785179764032364
218,joint44,-0.004777669440954924,-0.006602239795029163,0.002281921450048685
218,joint57,-0.00428593996912241,0.008619030937552452,0.001951279235072434
218,joint39,0.004285940434783697,0.007634345907717943,0.0019512797007337213
219,joint40,0.004149680491536856,-0.0039410218596458435,0.0025242315605282784
219,joint44,-0.004777669440954924,-0.006602241192013025,0.002281920053064823
219,joint57,-0.00428593996912241,0.008619030937552452,0.0019512780709192157
219,joint39,0.0042859409004449844,0.007634345442056656,0.0019512787694111466
220,joint40,0.004149680491536856,-0.0038894200697541237,0.0023471603635698557
220,joint44,-0.004777669440954924,-0.006602239795029163,0.0022819209843873978
220,joint57,-0.00428593996912241,0.008619030006229877,0.0019512807484716177
220,joint39,0.0042859409004449844,0.0076343463733792305,0.0019512808648869395
221,joint40,0.004149680491536856,-0.0038714332040399313,0.002281926805153489
221,joint44,-0.004777668975293636,-0.006602239795029163,0.0022819233126938343
221,joint57,-0.00428593996912241,0.008619031868875027,0.001951279817149043
221,joint39,0.0042859409004449844,0.007634345442056656,0.001951279933564365
222,joint40,0.004149680491536856,-0.003871434135362506,0.0022819247096776962
222,joint44,-0.004777668975293636,-0.006602239795029163,0.0022819205187261105
222,joint57,-0.00428593996912241,0.008619030937552452,0.0019512794679030776
222,joint39,0.0042859409004449844,0.007634345442056656,0.0019512793514877558
223,joint40,0.004149680491536856,-0.003871435299515724,0.0022819265723228455
223,joint44,-0.004777668975293636,-0.006602238863706589,0.002281921450048685
223,joint57,-0.00428593996912241,0.008619033731520176,0.0019512803992256522
223,joint39,0.0042859409004449844,0.007634345907717943,0.0019512787694111466
224,joint40,0.004149679560214281,-0.0038714371621608734,0.002281925408169627
224,joint44,-0.004777668975293636,-0.006602239329367876,0.0022819191217422485
224,joint57,-0.00428593996912241,0.008619030937552452,0.0019512777216732502
224,joint39,0.0042859409004449844,0.007634344510734081,0.001951278536580503
225,joint40,0.004149679094552994,-0.0038714376278221607,0.0022819307632744312
225,joint44,-0.004777668975293636,-0.006602239329367876,0.002281920053064823
225,joint57,-0.00428593996912241,0.008619031868875027,0.0019512790022417903
225,joint39,0.0042859409004449844,0.0076343463733792305,0.0019512808648869395
226,joint40,0.004149679094552994,-0.0038714397232979536,0.0022819326259195805
226,joint44,-0.004777668975293636,-0.006602240726351738,0.0022819216828793287
226,joint57,-0.00428593996912241,0.008619031868875027,0.0019512784201651812
226,joint39,0.0042859409004449844,0.007634344510734081,0.0019512802828103304
227,joint40,0.0041496786288917065,-0.0038714418187737465,0.002281934954226017
227,joint44,-0.004777668975293636,-0.0066022421233356,0.002281923545524478
227,joint57,-0.00428593996912241,0.008619031868875027,0.0019512810977175832
227,joint39,0.0042859409004449844,0.007634345442056656,0.0019512806320562959
228,joint40,0.0041496786288917065,-0.003871441585943103,0.0022819312289357185
228,joint44,-0.004777668509632349,-0.006602240726351738,0.002281920053064823
228,joint57,-0.00428593996912241,0.008619030937552452,0.001951279933564365
228,joint39,0.0042859409004449844,0.007634345907717943,0.001951279933564365
229,joint40,0.0041496786288917065,-0.003871441353112459,0.002281931694597006
229,joint44,-0.004777668975293636,-0.006602241657674313,0.0022819177247583866
229,joint57,-0.00428593996912241,0.008619030006229877,0.0019512808648869395
229,joint39,0.0042859409004449844,0.007634345442056656,0.0019512817962095141
230,joint40,0.004149679094552994,-0.0038714418187737465,0.0022819319274276495
230,joint44,-0.004777668975293636,-0.0066022430546581745,0.002281919587403536
230,joint57,-0.00428593996912241,0.008619030937552452,0.0019512776052579284
230,joint39,0.0042859409004449844,0.007634345907717943,0.0019512791186571121
231,joint40,0.004149679094552994,-0.00387144205160439,0.0022819286677986383
231,joint44,-0.004777668509632349,-0.006602241657674313,0.0022819198202341795
231,joint57,-0.00428593996912241,0.008619031868875027,0.001951279933564365
231,joint39,0.0042859409004449844,0.007634346839040518,0.001951279933564365
232,joint40,0.004149679094552994,-0.0038714439142495394,0.0022819247096776962
232,joint44,-0.004777668975293636,-0.0066022430546581745,0.0022819177247583866
232,joint57,-0.00428593996912241,0.008619031868875027,0.001951277838088572
232,joint39,0.0042859409004449844,0.007634345907717943,0.0019512802828103304
233,joint40,0.004149679560214281,-0.003871441585943103,0.0022819251753389835
233,joint44,-0.004777668975293636,-0.006602241192013025,0.002281921450048685
233,joint57,-0.00428593996912241,0.008619030937552452,0.0019512781873345375
233,joint39,0.004285940434783697,0.007634345907717943,0.001951279933564365
234,joint40,0.004149679560214281,-0.003871440188959241,0.002281926339492202
234,joint44,-0.004777668509632349,-0.006602240726351738,0.0022819240111857653
234,joint57,-0.00428593996912241,0.008619030937552452,0.0019512790022417903
234,joint39,0.0042859409004449844,0.007634344510734081,0.0019512791186571121
235,joint40,0.004149679560214281,-0.0038714418187737465,0.002281926339492202
235,joint44,-0.004777668975293636,-0.006602240726351738,0.0022819272708147764
235,joint57,-0.00428593996912241,0.008619030937552452,0.0019512808648869395
235,joint39,0.0042859409004449844,0.007634345442056656,0.0019512806320562959
236,joint40,0.004149679560214281,-0.0038714404217898846,0.0022819191217422485
236,joint44,-0.004777668975293636,-0.006602241657674313,0.0022819216828793287
236,joint57,-0.00428593996912241,0.008619031868875027,0.0019512790022417903
236,joint39,0.0042859409004449844,0.007634345907717943,0.0019512802828103304
237,joint40,0.004149679560214281,-0.0038714404217898846,0.0022819219157099724
237,joint44,-0.004777668509632349,-0.006602241657674313,0.0022819251753389835
237,joint57,-0.00428593996912241,0.008619030006229877,0.0019512810977175832
237,joint39,0.004285940434783697,0.007634344510734081,0.0019512808648869395
238,joint40,0.004149679560214281,-0.003871440887451172,0.002281919354572892
238,joint44,-0.004777668509632349,-0.0066022421233356,0.00228192494250834
238,joint57,-0.00428593996912241,0.008619030937552452,0.0019512797007337213
238,joint39,0.0042859409004449844,0.007634345907717943,0.0019512806320562959
239,joint40,0.004149679560214281,-0.0038714383263140917,0.0022819237783551216
239,joint44,-0.004777668509632349,-0.006602239795029163,0.0022819270379841328
239,joint57,-0.00428593996912241,0.008619030937552452,0.0019512787694111466
239,joint39,0.0042859409004449844,0.007634345907717943,0.001951279933564365
240,joint40,0.004149679560214281,-0.0038714392576366663,0.002281922148540616
240,joint44,-0.004777668509632349,-0.006602241192013025,0.002281922148540616
240,joint57,-0.00428593996912241,0.008619030006229877,0.0019512787694111466
240,joint39,0.0042859409004449844,0.007634345442056656,0.0019512797007337213
241,joint40,0.004149680025875568,-0.0038714383263140917,0.0022819251753389835
241,joint44,-0.004777668509632349,-0.006602240726351738,0.0022819291334599257
241,joint57,-0.00428593996912241,0.008619030937552452,0.0019512810977175832
241,joint39,0.0042859409004449844,0.007634345442056656,0.0019512808648869395
242,joint40,0.004149679094552994,-0.003871438791975379,0.002281925408169627
242,joint44,-0.004777668509632349,-0.006602238863706589,0.002281926339492202
242,joint57,-0.00428593996912241,0.008619030937552452,0.001951279933564365
242,joint39,0.0042859409004449844,0.007634345907717943,0.0019512793514877558
243,joint40,0.004149679560214281,-0.00387143949046731,0.0022819244768470526
243,joint44,-0.004777668509632349,-0.006602240726351738,0.002281924244016409
243,joint57,-0.004285940434783697,0.008619029074907303,0.0019512787694111466
243,joint39,0.0042859409004449844,0.007634344510734081,0.001951279933564365
244,joint40,0.004149679560214281,-0.00387143949046731,0.0022819251753389835
244,joint44,-0.004777668975293636,-0.006602239795029163,0.0022819219157099724
244,joint57,-0.00428593996912241,0.008619030937552452,0.001951280515640974
244,joint39,0.004285940434783697,0.007634346839040518,0.0019512808648869395
245,joint40,0.004149679094552994,-0.0038714418187737465,0.0022819319274276495
245,joint44,-0.004777668509632349,-0.006602241657674313,0.0022819240111857653
245,joint57,-0.00428593996912241,0.008619030006229877,0.001951279933564365
245,joint39,0.0042859409004449844,0.007634345442056656,0.001951282611116767
246,joint40,0.0041496786288917065,-0.0038714406546205282,0.0022819307632744312
246,joint44,-0.004777669440954924,-0.006602239329367876,0.0022819219157099724
246,joint57,-0.00428593996912241,0.008619030937552452,0.0019512810977175832
246,joint39,0.0042859409004449844,0.007634344510734081,0.0019512829603627324
247,joint40,0.0041496786288917065,-0.0038714385591447353,0.0022819307632744312
247,joint44,-0.004777668975293636,-0.006602241192013025,0.002281922148540616
247,joint57,-0.00428593996912241,0.008619030937552452,0.0019512787694111466
247,joint39,0.0042859409004449844,0.007634345907717943,0.0019512802828103304
248,joint40,0.0041496786288917065,-0.0038714406546205282,0.0022819337900727987
248,joint44,-0.004777668975293636,-0.006602238863706589,0.0022819233126938343
248,joint57,-0.00428593996912241,0.008619031868875027,0.0019512802828103304
248,joint39,0.0042859409004449844,0.0076343463733792305,0.0019512791186571121
249,joint40,0.0041496786288917065,-0.0038714418187737465,0.0022819351870566607
249,joint44,-0.004777669440954924,-0.006602241657674313,0.0022819233126938343
249,joint57,-0.00428593996912241,0.008619030937552452,0.0019512793514877558
249,joint39,0.0042859409004449844,0.007634345442056656,0.0019512793514877558
250,joint40,0.004149679094552994,-0.003871440188959241,0.0022819312289357185
250,joint44,-0.004777668975293636,-0.006602239329367876,0.0022819226142019033
250,joint57,-0.00428593996912241,0.008619030937552452,0.0019512790022417903
250,joint39,0.0042859409004449844,0.007634345907717943,0.0019512820290401578
251,joint40,0.004149679094552994,-0.0038714385591447353,0.0022819293662905693
251,joint44,-0.004777668975293636,-0.006602239329367876,0.002281919587403536
251,joint57,-0.00428593996912241,0.008619030937552452,0.001951279933564365
251,joint39,0.0042859409004449844,0.007634345907717943,0.0019512806320562959
